matPath;matName;startEvent;endEvent
D:\dev\phyton\Zuzia\task4\ADAS_20160530_KQW3211_PAR_AMS_BK_PG_20160530_134037_079_rM8640955.mat;ADAS_20160530_KQW3211_PAR_AMS_BK_PG_20160530_134037_079_rM8640955.mat;0;2000
D:\dev\phyton\Zuzia\task4\ADAS_20160527_KQW3211_PAR_PAR_BK_PG_20160528_000609_036_rM8640955.mat;ADAS_20160527_KQW3211_PAR_PAR_BK_PG_20160528_000609_036_rM8640955.mat;0;2000
D:\dev\phyton\Zuzia\task4\ADAS_20160527_KQW3211_PAR_PAR_BK_PG_20160528_000609_068_rM8640955.mat;ADAS_20160527_KQW3211_PAR_PAR_BK_PG_20160528_000609_068_rM8640955.mat;0;2000


6.117205619812012, 4.49331521987915